{
    "enable_Config": true, 
    "config_Version": 4, 
    "mihoyobbs_Login_ticket": "Llj3EGB8gMInpGH5eWoYhZ9yqLB2tn5FEyRDJDSp", 
    "mihoyobbs_Stuid": "253740090", 
    "mihoyobbs_Stoken": "00ckagjnuuq0xxoRkRyeyl1YkouBaZ06xma5KkVe", 
    "mihoyobbs_Cookies": "UM_distinctid=17e3316f8a06ad-054343bbcacb12-163a6153-1fa400-17e3316f8a1a39; _ga=GA1.2.297989108.1641534651; _gid=GA1.2.1772166469.1641534651; _MHYUUID=29cd01db-d0eb-41ab-944e-fbf360a4b472; ltoken=jjZUebVYxb7FqwcC0aE3R0ETzy0109dbIkw446jI; ltuid=253740090; cookie_token=1MlUFy6WyIVBWNNbEunqTJwM8Vp1X1UhYJDOQcTM; account_id=253740090; CNZZDATA1274689524=844521564-1641527494-%7C1641527494; _gat=1; _gat_gtag_UA_146776247_19=1; login_uid=253740090; login_ticket=Llj3EGB8gMInpGH5eWoYhZ9yqLB2tn5FEyRDJDSp", 
    "mihoyobbs": {
        "bbs_Global": true, 
        "bbs_Signin": true, 
        "bbs_Signin_multi": true, 
        "bbs_Signin_multi_list": [
            2, 
            5
        ], 
        "bbs_Read_posts": true, 
        "bbs_Like_posts": true, 
        "bbs_Unlike": true, 
        "bbs_Share": true
    }, 
    "genshin_Auto_sign": true, 
    "honkai3rd_Auto_sign": false
}