{
    "enable_Config": true, 
    "config_Version": 4, 
    "mihoyobbs_Login_ticket": "Llj3EGB8gMInpGH5eWoYhZ9yqLB2tn5FEyRDJDSp", 
    "mihoyobbs_Stuid": "253740090", 
    "mihoyobbs_Stoken": "00ckagjnuuq0xxoRkRyeyl1YkouBaZ06xma5KkVe", 
    "mihoyobbs_Cookies": "UM_distinctid=17e336566b2943-0fb4c7c841aacf-163a6153-1fa400-17e336566b39d1; _ga=GA1.2.1699278339.1641539791; _gid=GA1.2.2073355471.1641539791; _MHYUUID=d5b662aa-2096-42ed-ba11-dd22efc350f8; ltoken=goJhDBN9PmJzu0Hq3ll4GGHtwxcgn06VlV9F1kZZ; ltuid=221912179; cookie_token=7nGVa8MNYJoAK24IxwALtHloeaXjqXJOGAvIrftd; account_id=221912179; CNZZDATA1274689524=1440255984-1641537209-%7C1641537209; login_uid=221912179; login_ticket=LzTENAKQErunD4o6TCGEiFVUtDDALBkpz5CGu8Ai", 
    "mihoyobbs": {
        "bbs_Global": true, 
        "bbs_Signin": true, 
        "bbs_Signin_multi": true, 
        "bbs_Signin_multi_list": [
            2, 
            5
        ], 
        "bbs_Read_posts": true, 
        "bbs_Like_posts": true, 
        "bbs_Unlike": true, 
        "bbs_Share": true
    }, 
    "genshin_Auto_sign": true, 
    "honkai3rd_Auto_sign": false
}
